主题,提及篇数,样本数,来源ID
个性化学习,7,10,"moe,situ,synu,sspu,seu,xit,thu"
学情分析,6,10,"synu,sspu,seu,xit,thu,synu-workshop"
智能助教学伴,6,10,"synu,sspu,seu,xit,thu,synu-workshop"
知识图谱,6,10,"moe,sspu,seu,xit,thu,synu-workshop"
虚拟仿真,6,10,"moe,synu,sspu,njtc,xit,thu"
智能备课,5,10,"just,synu,sspu,seu,xit"
教学智能体,4,10,"moe,just,thu,synu-workshop"
评价与反馈,4,10,"moe,synu,sspu,thu"
课件制作,4,10,"situ,just,seu,xit"
数字教材,3,10,"moe,synu,sspu"
课堂互动,3,10,"njtc,xit,thu"
代码辅助,2,10,"sspu,xit"
可视化呈现,2,10,"situ,sspu"
图像视频生成,2,10,"just,xit"
数字人,2,10,"thu,synu-workshop"
数据分析,2,10,"njtc,xit"
作业批改,1,10,synu
出题与作业设计,1,10,xit
